Workbook

Sheet Budget 2026
A1: Mois | B1: Catégorie | C1: Prévu (€) | D1: Réel (€) | E1: Écart (€)
A2: Janvier | B2: Loyer | C2: 800 | D2: 0 | E2: =C2-D2
A3: Janvier | B3: Courses | C3: 350 | D3: 0 | E3: =C3-D3
A4: Janvier | B4: Transport | C4: 75 | D4: 0 | E4: =C4-D4
A5: Janvier | B5: Abonnements | C5: 60 | D5: 0 | E5: =C5-D5
A6: Janvier | B6: Santé | C6: 50 | D6: 0 | E6: =C6-D6
A7: Janvier | B7: Loisirs | C7: 100 | D7: 0 | E7: =C7-D7
A8: Janvier | B8: Shopping | C8: 80 | D8: 0 | E8: =C8-D8
A9: Janvier | B9: Épargne | C9: 150 | D9: 150 | E9: =C9-D9
A10: Février | B10: Loyer | C10: 800 | D10: 0 | E10: =C10-D10
A11: Février | B11: Courses | C11: 350 | D11: 0 | E11: =C11-D11
A12: Février | B12: Transport | C12: 75 | D12: 0 | E12: =C12-D12
A13: Février | B13: Abonnements | C13: 60 | D13: 0 | E13: =C13-D13
... A97: Décembre | B97: Épargne | C97: 150 | D97: 150 | E97: =C97-D97
A98: TOTAL ANNÉE | C98: =SUM(C2:C97) | D98: =SUM(D2:D97) | E98: =SUM(E2:E97)

Sheet Guide
A1: Comment utiliser ce budget (2 min)
A3: 1. Chaque mois, remplis la colonne Réel (€) avec ce que tu as vraiment dépensé.
A4: 2. La colonne Écart se calcule seule : rouge = dépassement, vert = sous le budget.
A5: 3. La ligne TOTAL ANNÉE additionne tout automatiquement.
A6: 4. Adapte les montants Prévu à ta vie (colonne C).
A7: 5. Objectif simple : Épargne réelle > 0 tous les mois.

Sheet Tableau de bord
A1: Dépenses annuelles par catégorie (Réel)
A3: Catégorie | B3: Prévu (€) | C3: Réel (€)
A4: Loyer | B4: =SUMIF('Budget 2026'!B2:B97,A4,'Budget 2026'!C2:C97) | C4: =SUMIF('Budget 2026'!B2:B97,A4,'Budget 2026'!D2:D97)
A5: Courses | B5: =SUMIF('Budget 2026'!B2:B97,A5,'Budget 2026'!C2:C97) | C5: =SUMIF('Budget 2026'!B2:B97,A5,'Budget 2026'!D2:D97)
A6: Transport | B6: =SUMIF('Budget 2026'!B2:B97,A6,'Budget 2026'!C2:C97) | C6: =SUMIF('Budget 2026'!B2:B97,A6,'Budget 2026'!D2:D97)
A7: Abonnements | B7: =SUMIF('Budget 2026'!B2:B97,A7,'Budget 2026'!C2:C97) | C7: =SUMIF('Budget 2026'!B2:B97,A7,'Budget 2026'!D2:D97)
A8: Santé | B8: =SUMIF('Budget 2026'!B2:B97,A8,'Budget 2026'!C2:C97) | C8: =SUMIF('Budget 2026'!B2:B97,A8,'Budget 2026'!D2:D97)
A9: Loisirs | B9: =SUMIF('Budget 2026'!B2:B97,A9,'Budget 2026'!C2:C97) | C9: =SUMIF('Budget 2026'!B2:B97,A9,'Budget 2026'!D2:D97)
A10: Shopping | B10: =SUMIF('Budget 2026'!B2:B97,A10,'Budget 2026'!C2:C97) | C10: =SUMIF('Budget 2026'!B2:B97,A10,'Budget 2026'!D2:D97)
A11: Épargne | B11: =SUMIF('Budget 2026'!B2:B97,A11,'Budget 2026'!C2:C97) | C11: =SUMIF('Budget 2026'!B2:B97,A11,'Budget 2026'!D2:D97)
A12: TOTAL | B12: =SUM(B4:B11) | C12: =SUM(C4:C11)
A14: Taux d'épargne réel | C14: =SUMIF('Budget 2026'!B2:B97,"Épargne",'Budget 2026'!D2:D97)/C12

Sheet Abonnements
A1: Tous tes abonnements : garde ou résilie (l'économie se calcule seule)
A3: Service | B3: € / mois | C3: € / an | D3: Je garde ? (Oui/Non) | E3: Économisé si résilié
A4: Netflix | B4: 13.49 | C4: =B4*12 | D4: Oui | E4: =IF(D4="Non",C4,0)
A5: Spotify | B5: 11.12 | C5: =B5*12 | D5: Oui | E5: =IF(D5="Non",C5,0)
A6: Salle de sport | B6: 30 | C6: =B6*12 | D6: Oui | E6: =IF(D6="Non",C6,0)
A7: Stockage cloud | B7: 2.99 | C7: =B7*12 | D7: Oui | E7: =IF(D7="Non",C7,0)
A8: À compléter | B8: 0 | C8: =B8*12 | D8: Oui | E8: =IF(D8="Non",C8,0)
A10: ÉCONOMIE ANNUELLE SI RÉSILIATION | E10: =SUM(E4:E9)
